{
  "sample_per_group": 250,
  "score_threshold": 0.6,
  "backends": [
    "presidio",
    "deberta",
    "regex",
    "ensemble"
  ],
  "metrics": [
    {
      "backend": "presidio",
      "total": 1000,
      "tp": 494,
      "tn": 462,
      "fp": 38,
      "fn": 6,
      "recall": 0.988,
      "specificity": 0.924,
      "precision": 0.9285714285714286,
      "f1": 0.9573643410852714,
      "local_rate": 0.532,
      "elapsed_s": 97.29973196983337,
      "top_entities": [
        [
          "PHONE_NUMBER",
          663
        ],
        [
          "US_SSN",
          493
        ],
        [
          "FIELD_HINT:PHONE",
          405
        ],
        [
          "FIELD_HINT:SSN",
          250
        ],
        [
          "FIELD_HINT:NAME",
          128
        ],
        [
          "CREDIT_CARD",
          100
        ],
        [
          "US_DRIVER_LICENSE",
          5
        ]
      ],
      "fn_ids": [
        "hf_005216",
        "hf_005102",
        "hf_000221",
        "hf_004295",
        "hf_002906",
        "hf_003115"
      ],
      "fp_ids": [
        "gh_HR_26780935",
        "gh_ARTS_28471099",
        "gh_HEALTHCARE_14667957",
        "gh_CHEF_29990140",
        "gh_ENGINEERING_11890896",
        "gh_HR_18557164",
        "gh_CONSTRUCTION_22965804",
        "gh_HEALTHCARE_25451319",
        "gh_ACCOUNTANT_75286906",
        "gh_ARTS_34304175",
        "gh_ENGINEERING_24647794",
        "gh_ENGINEERING_86828820",
        "gh_ADVOCATE_37560528",
        "gh_CONSTRUCTION_16924279",
        "gh_DIGITAL-MEDIA_14761906",
        "gh_SALES_21595057",
        "gh_CHEF_34252537",
        "gh_CONSTRUCTION_24740005",
        "gh_ADVOCATE_17021141",
        "gh_PUBLIC-RELATIONS_21549195",
        "gh_DESIGNER_13774329",
        "gh_SALES_36904300",
        "gh_FITNESS_12791244",
        "gh_INFORMATION-TECHNOLOGY_24889109",
        "gh_FINANCE_28973180",
        "gh_FITNESS_29319314",
        "gh_BUSINESS-DEVELOPMENT_15423153",
        "gh_TEACHER_63391085",
        "gh_CHEF_35468363",
        "gh_TEACHER_36206485",
        "gh_ENGINEERING_61579998",
        "gh_DESIGNER_18979238",
        "gh_DIGITAL-MEDIA_50219114",
        "gh_BANKING_28419927",
        "gh_HEALTHCARE_31926950",
        "gh_FINANCE_14181049",
        "gh_TEACHER_69005326",
        "gh_DESIGNER_22675694"
      ]
    },
    {
      "backend": "deberta",
      "total": 1000,
      "tp": 494,
      "tn": 437,
      "fp": 63,
      "fn": 6,
      "recall": 0.988,
      "specificity": 0.874,
      "precision": 0.8868940754039497,
      "f1": 0.9347209082308421,
      "local_rate": 0.557,
      "elapsed_s": 442.09659695625305,
      "top_entities": [
        [
          "PHONE_NUMBER",
          678
        ],
        [
          "US_SSN",
          438
        ],
        [
          "FIELD_HINT:PHONE",
          379
        ],
        [
          "FIELD_HINT:SSN",
          246
        ],
        [
          "CREDIT_CARD",
          187
        ],
        [
          "FIELD_HINT:NAME",
          128
        ],
        [
          "EMAIL_ADDRESS",
          87
        ],
        [
          "US_DRIVER_LICENSE",
          8
        ]
      ],
      "fn_ids": [
        "hf_005216",
        "hf_005102",
        "hf_000221",
        "hf_004295",
        "hf_002906",
        "hf_003115"
      ],
      "fp_ids": [
        "hf_005054",
        "hf_004006",
        "gh_APPAREL_13807808",
        "hf_004849",
        "hf_003659",
        "hf_004155",
        "hf_001872",
        "hf_005512",
        "hf_004968",
        "hf_003643",
        "hf_001362",
        "hf_007447",
        "gh_HR_26780935",
        "gh_ARTS_28471099",
        "gh_HEALTHCARE_14667957",
        "hf_000500",
        "gh_CHEF_29990140",
        "gh_ENGINEERING_11890896",
        "gh_HR_18557164",
        "gh_CONSTRUCTION_22965804",
        "gh_HEALTHCARE_25451319",
        "gh_ACCOUNTANT_75286906",
        "gh_ARTS_34304175",
        "hf_002454",
        "gh_ENGINEERING_24647794",
        "gh_ENGINEERING_86828820",
        "gh_ADVOCATE_37560528",
        "gh_CONSTRUCTION_16924279",
        "gh_DIGITAL-MEDIA_14761906",
        "hf_005357",
        "gh_SALES_21595057",
        "hf_002135",
        "gh_CHEF_34252537",
        "gh_CONSTRUCTION_24740005",
        "hf_004470",
        "gh_ADVOCATE_17021141",
        "hf_004832",
        "gh_PUBLIC-RELATIONS_21549195",
        "gh_DESIGNER_13774329",
        "hf_004953",
        "gh_SALES_36904300",
        "gh_FITNESS_12791244",
        "hf_005469",
        "gh_INFORMATION-TECHNOLOGY_24889109",
        "gh_FINANCE_28973180",
        "hf_004571",
        "gh_FITNESS_29319314",
        "gh_BUSINESS-DEVELOPMENT_15423153",
        "hf_001080",
        "gh_TEACHER_63391085",
        "gh_CHEF_35468363",
        "gh_TEACHER_36206485",
        "gh_ENGINEERING_61579998",
        "gh_DESIGNER_18979238",
        "gh_DIGITAL-MEDIA_50219114",
        "gh_BANKING_28419927",
        "hf_002705",
        "hf_000661",
        "gh_HEALTHCARE_31926950",
        "hf_001852",
        "gh_FINANCE_14181049",
        "gh_TEACHER_69005326",
        "gh_DESIGNER_22675694"
      ]
    },
    {
      "backend": "regex",
      "total": 1000,
      "tp": 493,
      "tn": 462,
      "fp": 38,
      "fn": 7,
      "recall": 0.986,
      "specificity": 0.924,
      "precision": 0.928436911487759,
      "f1": 0.95635305528613,
      "local_rate": 0.531,
      "elapsed_s": 0.2902712821960449,
      "top_entities": [
        [
          "PHONE_NUMBER",
          727
        ],
        [
          "US_SSN",
          500
        ],
        [
          "FIELD_HINT:PHONE",
          405
        ],
        [
          "FIELD_HINT:SSN",
          250
        ],
        [
          "CREDIT_CARD",
          167
        ],
        [
          "FIELD_HINT:NAME",
          128
        ]
      ],
      "fn_ids": [
        "hf_005216",
        "hf_005102",
        "hf_000221",
        "hf_004295",
        "hf_000052",
        "hf_002906",
        "hf_003115"
      ],
      "fp_ids": [
        "gh_HR_26780935",
        "gh_ARTS_28471099",
        "gh_HEALTHCARE_14667957",
        "gh_CHEF_29990140",
        "gh_ENGINEERING_11890896",
        "gh_HR_18557164",
        "gh_CONSTRUCTION_22965804",
        "gh_HEALTHCARE_25451319",
        "gh_ACCOUNTANT_75286906",
        "gh_ARTS_34304175",
        "gh_ENGINEERING_24647794",
        "gh_ENGINEERING_86828820",
        "gh_ADVOCATE_37560528",
        "gh_CONSTRUCTION_16924279",
        "gh_DIGITAL-MEDIA_14761906",
        "gh_SALES_21595057",
        "gh_CHEF_34252537",
        "gh_CONSTRUCTION_24740005",
        "gh_ADVOCATE_17021141",
        "gh_PUBLIC-RELATIONS_21549195",
        "gh_DESIGNER_13774329",
        "gh_SALES_36904300",
        "gh_FITNESS_12791244",
        "gh_INFORMATION-TECHNOLOGY_24889109",
        "gh_FINANCE_28973180",
        "gh_FITNESS_29319314",
        "gh_BUSINESS-DEVELOPMENT_15423153",
        "gh_TEACHER_63391085",
        "gh_CHEF_35468363",
        "gh_TEACHER_36206485",
        "gh_ENGINEERING_61579998",
        "gh_DESIGNER_18979238",
        "gh_DIGITAL-MEDIA_50219114",
        "gh_BANKING_28419927",
        "gh_HEALTHCARE_31926950",
        "gh_FINANCE_14181049",
        "gh_TEACHER_69005326",
        "gh_DESIGNER_22675694"
      ]
    },
    {
      "backend": "ensemble",
      "total": 1000,
      "tp": 494,
      "tn": 437,
      "fp": 63,
      "fn": 6,
      "recall": 0.988,
      "specificity": 0.874,
      "precision": 0.8868940754039497,
      "f1": 0.9347209082308421,
      "local_rate": 0.557,
      "elapsed_s": 497.61001420021057,